,word,positive,negative
0,i,5465,8870
1,to,6997,5865
2,you,4651,3299
3,birthday,3091,69
4,the,6426,5387
5,and,5776,4772
6,so,3696,4370
7,a,5497,4516
8,my,2764,3321
9,for,3773,2185
10,be,2653,1837
11,im,1611,2611
12,is,3260,3451
13,of,3483,2759
14,me,1787,2591
15,in,2897,2284
16,that,1994,2627
17,it,2333,2501
18,this,2560,2735
19,with,2545,1158
20,love,1209,1064
21,day,1392,603
22,your,1555,781
23,have,2804,1501
24,but,1582,2574
25,are,1527,1293
26,just,1349,1658
27,on,1789,1470
28,was,1606,1490
29,i'm,0,0
30,all,1470,1092
31,hope,844,368
32,not,1012,1476
33,we,1215,879
34,makes,581,503
35,at,1541,1023
36,good,729,535
37,make,813,424
38,as,719,544
39,one,773,784
40,if,878,788
41,like,1035,1183
42,when,852,1028
43,see,721,828
44,am,490,543
45,about,799,929
46,u,468,655
47,what,750,792
48,can,706,681
49,they,676,859
50,its,876,1203
51,he,509,953
52,how,615,827
53,get,733,984
54,do,793,755
55,life,429,325
56,much,1026,636
57,know,575,791
58,really,579,1087
59,great,671,199
60,very,443,517
61,been,523,528
62,will,630,597
63,up,714,745
64,now,538,775
65,best,404,232
66,today,674,398
67,more,733,534
68,from,707,577
69,people,621,680
70,always,512,333
71,out,857,749
72,time,690,604
73,her,376,488
74,bday,253,18
75,got,452,481
76,had,968,524
77,may,546,129
78,our,743,305
79,thank,443,240
80,-,670,257
81,an,550,467
82,miss,339,893
83,dont,393,769
84,she,340,434
85,him,315,591
86,being,391,359
87,would,443,425
88,us,492,217
89,no,490,932
90,want,386,797
91,who,463,451
92,them,363,514
93,new,478,207
94,go,451,711
95,because,347,603
96,never,280,470
97,or,452,507
98,it's,0,0
99,too,410,699
100,by,495,323
101,"happy,",167,15
102,has,412,431
103,girl,258,158
104,back,378,382
105,cant,281,486
106,going,443,431
107,friday,419,59
108,feel,258,667
109,made,314,269
110,"birthday,",168,1
111,man,247,311
112,think,354,497
113,his,274,545
114,wish,230,343
115,here,331,326
116,only,321,434
117,youre,258,240
118,everyone,328,184
119,star,284,53
120,year,271,250
121,heart,164,212
122,some,730,429
123,well,292,263
124,were,350,284
125,there,369,438
126,still,290,544
127,thanks,343,98
128,say,247,272
129,even,298,516
130,look,263,252
131,friends,289,279
132,god,181,133
133,beautiful,180,105
134,enjoy,300,40
135,why,290,654
136,bro,146,47
137,many,224,239
138,:),216,55
139,right,248,303
140,amazing,236,90
141,don't,0,0
142,you're,0,0
143,first,304,208
144,little,332,214
145,ever,230,266
146,could,240,302
147,wars,234,32
148,their,327,334
149,baby,197,258
150,again,200,266
151,hour,139,34
152,years,198,139
153,keep,188,136
154,then,241,304
155,lol,275,241
156,did,249,320
157,than,251,258
158,things,260,161
159,sad,151,10001
160,finally,156,58
161,need,256,419
162,work,291,271
163,morning,217,76
164,way,320,278
165,ive,187,204
166,please,216,323
167,seeing,151,140
168,making,333,157
169,also,270,234
170,home,205,204
171,let,197,160
172,big,195,125
173,gonna,250,340
174,days,203,145
175,someone,199,379
176,over,221,288
177,last,355,310
178,",",140,88
179,most,245,180
180,such,226,228
181,help,148,180
182,world,154,153
183,after,200,221
184,bless,99,19
185,friend,156,146
186,every,185,183
187,long,173,134
188,come,356,255
189,pretty,186,179
190,stay,135,92
191,getting,194,183
192,better,148,257
193,doing,221,145
194,hear,117,190
195,take,229,248
196,proud,117,54
197,2,224,180
198,3,173,156
199,wait,200,115
200,live,217,208
201,these,285,248
202,shit,170,251
203,any,191,186
204,family,244,120
205,thursday,102,8
206,omg,140,211
207,other,235,198
208,deserve,100,104
209,sure,217,118
210,off,224,199
211,ya,117,59
212,thats,183,315
213,t,200,136
214,"you,",115,39
215,wonderful,113,19
216,another,160,135
217,everything,122,129
218,having,625,136
219,into,187,145
220,week,255,160
221,w,153,147
222,tell,144,141
223,hard,148,143
224,anniversary,94,9
225,night,366,182
226,weekend,425,79
227,hi,112,96
228,person,107,159
229,fucking,96,180
230,wanna,187,368
231,thing,168,288
232,yall,134,142
233,tomorrow,220,167
234,guys,199,172
235,oh,188,372
236,next,220,169
237,hes,88,195
238,old,145,170
239,actually,173,236
240,same,134,336
241,i've,0,0
242,glad,158,58
243,ill,120,179
244,fun,9336,119
245,4th,154,15
246,together,141,68
247,since,128,175
248,belated,70,0
249,super,176,93
250,ur,103,145
251,yes,126,133
252,show,204,162
253,both,136,117
254,two,148,133
255,awesome,133,26
256,something,216,207
257,done,125,128
258,game,337,130
259,should,242,180
260,congrats,83,7
261,place,106,71
262,we're,0,0
263,favorite,152,82
264,smile,86,56
265,happiness,64,19
266,where,162,199
267,literally,102,154
268,tonight,244,166
269,can't,0,0
270,lot,260,176
271,those,160,167
272,sweet,83,79
273,1,126,74
274,soon,106,154
275,said,127,192
276,b,120,104
277,mom,88,102
278,nice,145,104
279,watching,159,148
280,ass,112,119
281,guy,110,94
282,sorry,94,507
283,twitter,108,101
284,video,194,180
285,find,155,178
286,honestly,87,116
287,give,124,153
288,feeling,95,172
289,found,78,89
290,before,154,161
291,around,139,89
292,music,129,99
293,boy,81,115
294,hey,119,101
295,ending,58,65
296,looks,223,117
297,nothing,89,124
298,team,179,70
299,real,173,150
300,without,109,116
301,bc,97,246
302,brother,70,47
303,starwarsday,111,2
304,i'll,0,0
305,does,110,134
306,care,177,127
307,cute,113,297
308,anything,121,136
309,trying,124,160
310,myself,92,140
311,free,172,69
312,thought,131,196
313,fuck,97,140
314,4,121,82
315,excited,116,65
316,maythe4thbewithyou,120,6
317,through,99,128
318,post,102,94
319,&lt,80,57
320,that's,0,0
321,news,73,196
322,wow,87,169
323,late,75,65
324,shes,72,91
325,face,77,108
326,hate,96,218
327,rn,58,131
328,healthy,59,17
329,s,137,117
330,while,191,136
331,supernatural,46,1
332,mean,105,127
333,whole,107,125
334,put,115,87
335,didnt,92,259
336,bad,98,340
337,dude,75,82
338,support,87,56
339,already,85,181
340,cry,57,166
341,),105,40
342,almost,77,79
343,went,110,142
344,early,71,42
345,down,148,211
346,n,93,133
347,truly,65,61
348,g,68,47
349,dear,64,30
350,"me,",59,32
351,saw,73,152
352,blessed,50,17
353,wanted,80,131
354,remember,133,129
355,looking,226,88
356,special,70,21
357,@kconusa,43,0
358,@williegeist,44,0
359,wishing,66,14
360,id,67,71
361,dm,56,56
362,try,163,116
363,end,94,166
364,anyone,88,136
365,crying,52,110
366,"day,",69,22
367,came,76,64
368,summer,188,73
369,talk,111,169
370,congratulations,66,3
371,watch,224,228
372,true,67,256
373,win,94,58
374,part,124,150
375,song,76,113
376,forever,52,60
377,believe,59,133
378,coming,109,99
379,fans,80,66
380,lebron,48,2
381,though,99,168
382,months,48,46
383,@,101,53
384,crazy,71,38
385,cause,77,121
386,meet,97,84
387,play,230,131
388,send,60,64
389,yo,61,50
390,yourself,79,65
391,lovely,65,24
392,5,121,69
393,full,102,61
394,couple,76,40
395,matter,54,45
396,&gt,47,199
397,o,86,52
398,lil,59,62
399,@youtube,260,128
400,school,150,136
401,genuinely,44,35
402,he's,0,0
403,bitch,61,79
404,i'd,0,0
405,damn,62,165
406,job,82,58
407,celebrate,99,12
408,sam,44,18
409,stop,133,214
410,lots,161,37
411,working,114,67
412,own,101,110
413,money,95,122
414,story,84,124
415,call,88,87
416,others,50,45
417,able,66,114
418,told,53,84
419,must,78,84
420,follow,78,85
421,enough,79,94
422,whatever,58,31
423,maybe,89,116
424,left,63,210
425,wrong,57,111
426,m,91,61
427,die,46,68
428,@younghollywood,33,0
429,away,89,155
430,kpop,33,10
431,h,70,71
432,kind,83,104
433,lucky,59,25
434,once,73,89
435,start,116,84
436,until,146,88
437,didn't,0,0
438,liked,77,99
439,few,109,101
440,seen,56,91
441,@hellznoyo,34,0
442,far,84,81
443,@afinekimmie,34,0
444,tweet,56,102
445,@krsbme,34,0
446,gets,73,79
447,behind,62,35
448,sister,86,39
449,national,47,15
450,welcome,64,15
451,share,79,30
452,th,108,82
453,month,72,58
454,@litlmarie44,33,0
455,ok,76,123
456,hell,69,55
457,doesn't,0,0
458,read,97,102
459,@bts_twt,48,78
460,@luvekth,29,0
461,cool,89,47
462,check,179,45
463,yet,68,133
464,sooo,49,28
465,yeah,99,146
466,theyre,64,110
467,y,55,71
468,living,59,35
469,babe,45,27
470,which,93,99
471,ily,34,37
472,fan,65,87
473,started,71,58
474,okay,67,174
475,bit,113,82
476,via,246,44
477,wishes,36,7
478,least,74,75
479,she's,0,0
480,@sheliabthornton,31,0
481,deserves,40,19
482,growing,46,16
483,account,43,51
484,each,77,54
485,change,44,65
486,lmao,82,129
487,use,104,99
488,guess,75,95
489,ask,59,64
490,fourth,62,7
491,taking,87,56
492,times,145,128
493,ha,58,31
494,2018,91,20
495,else,59,66
496,safe,109,33
497,youve,45,24
498,angel,36,30
499,gorgeous,63,7
500,@lisahinton08,30,0
501,idk,51,126
502,son,41,30
503,aint,54,51
504,loved,63,62
505,yay,48,11
506,ate,36,40
507,saying,65,88
508,leave,52,129
509,@joycepring,28,0
510,mind,44,45
511,loves,38,29
512,words,48,39
513,kid,56,42
514,lets,99,37
515,took,58,66
516,18th,32,3
517,season,75,83
518,doesnt,59,100
519,dad,52,59
520,girls,132,70
521,ago,61,86
522,stuff,99,92
523,definitely,74,45
524,felt,36,61
525,joy,38,15
526,positive,28,14
527,party,112,57
528,perfect,63,30
529,house,79,101
530,ye,27,8
531,alive,31,28
532,past,47,52
533,tears,26,36
534,kids,307,84
535,@pattistarz,28,0
536,@pomklementieff,25,0
537,de,116,40
538,either,45,52
539,relationship,35,18
540,hello,54,40
541,boo,31,33
542,gotta,51,62
543,wants,60,64
544,@mitteremary,25,0
545,strong,42,31
546,america,30,40
547,thankful,30,12
548,lately,36,29
549,|,43,19
550,lady,44,20
551,sometimes,71,96
552,@realdonaldtrump,50,229
553,blessings,26,4
554,mr,41,53
555,maythefourthbewithyou,50,2
556,future,50,28
557,gave,29,42
558,idea,67,25
559,let's,0,0
560,missed,48,139
561,name,61,65
562,haha,71,42
563,anymore,46,146
564,bring,86,66
565,food,93,61
566,wont,35,140
567,young,70,57
568,playing,171,78
569,happened,46,90
570,fact,169,73
571,seem,53,33
572,community,70,18
573,soooo,31,25
574,reason,49,70
575,trump,47,119
576,used,76,103
577,hap,24,2
578,they're,0,0
579,following,36,12
580,moment,37,47
581,queen,34,17
582,announce,29,9
583,health,43,40
584,won,44,15
585,everybody,38,20
586,isnt,65,98
587,scenes,41,8
588,aww,37,46
589,parents,56,60
590,forget,69,45
591,laugh,42,35
592,you'll,0,0
593,gone,45,77
594,eat,56,102
595,dog,48,76
596,sis,31,27
597,viruses,25,0
598,watch:,25,0
599,@rhobellevue,22,0
600,red,39,22
601,high,66,68
602,homie,20,3
603,d,61,44
604,talking,57,93
605,yesterday,82,51
606,han,29,7
607,6,52,37
608,hair,52,72
609,"today,",51,24
610,sa,28,54
611,car,58,64
612,"friday,",45,2
613,half,43,37
614,:d,46,9
615,y'all,0,0
616,three,38,45
617,might,73,62
618,havent,36,102
619,there's,0,0
620,listen,52,92
621,jang,23,0
622,content,34,19
623,loving,42,14
624,continue,28,27
625,af,38,61
626,open,76,38
627,everyday,27,34
628,suk,23,0
629,art,61,27
630,luck,47,54
631,different,47,51
632,soul,28,38
633,second,48,33
634,geun,23,0
635,na,27,72
636,fiesta,35,0
637,pentagon,21,4
638,l,52,32
639,means,42,50
640,po,24,13
641,tho,58,151
642,wife,30,31
643,c,47,50
644,book,70,31
645,ri,24,2
646,rest,46,70
647,mother,30,21
648,buddy,35,15
649,(,30,149
650,mothers,29,9
651,run,105,42
652,smiling,28,14
653,alone,45,88
654,mad,48,86
655,sleep,47,120
656,understand,38,86
657,probably,54,142
658,switc,22,0
659,1st,40,13
660,theres,47,87
661,quite,45,46
662,giving,40,40
663,james,29,22
664,dance,61,30
665,:(,41,8582
666,21st,24,2
667,met,38,51
668,hours,59,117
669,"it,",58,40
670,woman,28,41
671,:,68,169
672,side,41,33
673,later,39,29
674,hang,78,43
675,buy,44,90
676,small,34,41
677,students,84,23
678,waiting,43,45
679,@troyesivan,24,14
680,single,36,34
681,chance,62,44
682,fake,33,65
683,boys,59,56
684,//,17,14
685,jack,27,14
686,lose,33,58
687,graduation,34,17
688,kcon,16,4
689,says,54,45
690,bed,35,62
691,p,80,47
692,self,37,29
693,turned,28,35
694,ready,100,50
695,couldnt,36,77
696,wouldnt,33,39
697,instead,45,69
698,@null,21,0
699,important,47,35
700,beyond,28,22
701,close,32,65
702,sooooo,21,9
703,success,33,5
704,starwars,72,4
705,cake,25,6
706,wished,19,5
707,tired,35,101
708,comes,46,44
709,wasnt,33,72
710,thinking,48,107
711,games,274,39
712,heres,40,9
713,gift,36,9
714,alex,28,18
715,"life,",33,13
716,heard,40,54
717,celebrating,47,7
718,tbh,37,62
719,cavs,18,4
720,@trishtrashers,23,0
721,brotha,17,0
722,@mainedcm,19,0
723,point,50,74
724,bff,19,9
725,r,59,67
726,here's,0,0
727,@dulehill,14,0
728,"well,",56,23
729,finished,44,36
730,kconlivechat,15,0
731,34thmainesary,17,0
732,during,64,49
733,fresh,35,4
734,labour,15,8
735,greysanatomy,17,4
736,black,38,53
737,media,44,61
738,hahaha,24,22
739,movie,88,70
740,hit,49,57
741,class,78,43
742,kconxyounghollywood,15,0
743,become,45,62
744,2nd,33,23
745,sir,28,6
746,club,67,30
747,final,38,38
748,grow,27,21
749,bought,21,44
750,dawg,19,6
751,ugh,28,102
752,weeks,53,66
753,whenever,25,44
754,mama,26,8
755,cinco,92,6
756,business,37,17
757,fav,23,28
758,hurt,31,77
759,kinda,42,170
760,pls,25,146
761,x,67,51
762,prayer,16,2
763,seriously,39,42
764,weird,39,42
765,godbless,14,1
766,pictures,50,40
767,short,48,32
768,feels,30,64
769,goes,40,55
770,whats,45,69
771,using,63,33
772,7,48,26
773,head,54,68
774,10,83,49
775,@camilluddington,18,0
776,called,52,52
777,reading,65,39
778,mo,23,15
779,em,25,14
780,forward,71,36
781,ny,22,11
782,asked,43,46
783,picture,40,40
784,join,294,23
785,knew,29,73
786,hands,31,21
787,@babelaufenberg,13,0
788,entire,36,28
789,8,42,22
790,listening,31,66
791,you've,0,0
792,dead,28,85
793,age,36,23
794,luv,18,20
795,starting,43,36
796,move,34,46
797,cuz,33,39
798,huge,43,36
799,arizona,19,9
800,coach,36,23
801,k,31,14
802,~,28,8
803,"yeah,",44,23
804,phone,45,73
805,social,51,37
806,worth,43,24
807,light,32,23
808,episode,47,69
809,celebration,34,3
810,finals,32,24
811,fine,32,41
812,outside,43,21
813,ma,32,19
814,under,33,43
815,happen,31,69
816,e,55,24
817,lost,38,151
818,thoughts,24,24
819,store,35,24
820,top,59,39
821,"now,",39,28
822,king,26,21
823,seems,57,61
824,goal,21,8
825,v,34,23
826,peace,19,33
827,weight,23,11
828,completely,26,25
829,needed,27,27
830,college,37,50
831,asf,19,30
832,willie,14,1
833,enjoying,41,7
834,sm,20,38
835,greatest,23,6
836,city,52,41
837,enjoyed,54,10
838,christina,11,2
839,20,27,26
840,youll,36,30
841,green,26,18
842,we'll,0,0
843,born,41,20
844,album,26,27
845,aw,25,76
846,especially,46,42
847,songs,23,93
848,me:,25,31
849,mine,39,62
850,ones,48,51
851,turn,34,47
852,babies,26,34
853,eyes,25,58
854,choose,20,20
855,longer,20,36
856,b-day,13,0
857,girly,13,6
858,grateful,17,13
859,sitting,32,39
860,mother's,0,0
861,worry,24,24
862,won't,0,0
863,pill,16,2
864,lit,20,12
865,confused,16,21
866,ppl,31,72
867,women,32,70
868,appreciate,23,23
869,member,20,13
870,swear,27,33
871,decided,32,28
872,@pasweeet,17,0
873,fall,28,50
874,cut,25,33
875,imagine,41,51
876,pic,27,29
877,sharing,47,8
878,cat,31,60
879,april,29,15
880,weather,47,34
881,brought,23,21
882,evening,44,7
883,dream,38,44
884,@arreagasperez,14,0
885,robert,24,5
886,pray,18,21
887,easy,55,33
888,f,81,33
889,12,29,21
890,date,41,34
891,st,43,17
892,fat,25,27
893,cannot,27,38
894,published,19,3
895,dreams,17,15
896,isn't,0,0
897,running,36,15
898,wonder,36,45
899,power,35,60
900,agree,32,44
901,worst,23,51
902,eve,20,6
903,group,77,48
904,eating,30,28
905,lyft,9,0
906,folks,31,26
907,sound,51,30
908,toronto,18,14
909,extremely,18,34
910,needs,36,55
911,@nic_hamilton,12,1
912,fantastic,45,10
913,18,29,10
914,room,47,45
915,visit,55,20
916,break,33,56
917,@eyesrrolling,15,0
918,hold,23,36
919,hot,57,46
920,we'd,0,0
921,@nateberkus,14,0
922,haven't,0,0
923,daughter,26,16
924,exactly,27,52
925,wtf,19,72
926,memories,40,31
927,princess,32,8
928,bby,16,30
929,rather,27,41
930,awww,20,31
931,@cesc4official,11,0
932,drink,43,23
933,blast,34,7
934,between,41,34
935,sunshine,29,10
936,tweets,32,57
937,meeting,34,16
938,changed,20,25
939,@tin15tiamzon,14,0
940,"love,",23,7
941,body,34,37
942,sex,38,24
943,soo,18,14
944,"so,",27,17
945,bet,47,21
946,@lukelaufenberg,10,0
947,sun,75,23
948,"sad,",12,393
949,videos,49,38
950,depressed,17,40
951,passed,17,32
952,"up,",26,19
953,mayo,81,6
954,aka,19,5
955,simple,29,9
956,photo,50,21
957,inside,27,30
958,brown,19,8
959,velvet,9,3
960,till,48,35
961,cousin,17,10
962,space,39,14
963,books,38,19
964,lie,19,35
965,certain,18,23
966,honey,16,20
967,learn,87,27
968,legend,17,8
969,human,28,40
970,nigga,17,31
971,"morning,",20,6
972,wedding,36,13
973,customers,15,13
974,sounds,129,54
975,la,61,35
976,3rd,33,11
977,ahead,38,14
978,btw,23,9
979,officially,23,30
980,semester,24,16
981,funny,64,82
982,beauty,49,14
983,played,49,37
984,tryna,22,26
985,death,19,43
986,cried,16,26
987,followers,29,24
988,forgot,30,50
989,married,22,15
990,local,47,18
991,ah,22,29
992,older,21,17
993,@jenariesqueen,14,0
994,extra,26,20
995,keeping,23,11
996,hehe,20,12
997,english,27,20
998,"here,",20,12
999,watched,32,57
1000,holy,13,14
1001,monthsary,11,0
1002,joined,17,6
1003,surprise,29,15
1004,spend,52,28
1005,allah,13,3
1006,series,39,33
1007,white,38,48
1008,knowing,21,46
1009,wild,27,9
1010,film,42,10
1011,upset,20,69
1012,j,21,19
1013,known,22,10
1014,mood,19,57
1015,9,33,18
1016,"man,",31,18
1017,meal,17,8
1018,lives,20,43
1019,pay,32,51
1020,against,29,37
1021,"also,",27,4
1022,"year,",23,10
1023,sing,22,18
1024,project,30,8
1025,knows,29,30
1026,endings,13,2
1027,spent,30,24
1028,sit,31,32
1029,@jeremiahbrent,13,0
1030,war,30,77
1031,spring,47,11
1032,course,43,31
1033,bb,18,26
1034,taylor,17,5
1035,what's,0,0
1036,less,47,41
1037,uwu,21,34
1038,dogs,29,29
1039,@beautychickee,10,2
1040,+,35,18
1041,bank,69,11
1042,vibes,13,6
1043,warm,23,6
1044,dragrace,15,0
1045,vote,20,23
1046,password,10,2
1047,absolutely,27,36
1048,walking,20,21
1049,marvel,17,13
1050,--,18,5
1051,busy,34,39
1052,playlist,22,40
1053,birth,14,7
1054,stand,25,17
1055,drake,17,15
1056,pics,36,30
1057,paul,13,9
1058,moments,23,16
1059,cup,17,14
1060,bud,17,9
1061,mate,16,17
1062,cheer,20,20
1063,email,16,6
1064,plan,32,14
1065,mantis,12,1
1066,ms,32,6
1067,hoping,20,42
1068,precious,13,34
1069,happ,10,2
1070,*,13,8
1071,sweetest,15,17
1072,reasons,19,20
1073,boss,35,12
1074,event,93,33
1075,wake,15,41
1076,youtube,24,24
1077,happens,22,39
1078,mark,28,17
1079,opening,34,11
1080,whos,20,14
1081,fr,20,23
1082,anyway,25,27
1083,sports,29,9
1084,order,21,28
1085,5th,27,6
1086,luke,18,12
1087,keeps,23,28
1088,aren't,0,0
1089,count,18,9
1090,ice,46,42
1091,john,20,21
1092,ugly,15,42
1093,worked,25,24
1094,pick,39,33
1095,miserable,15,11
1096,@hiro_mashima,14,0
1097,looked,29,46
1098,customer,16,9
1099,message,18,27
1100,w/,29,14
1101,wouldn't,0,0
1102,manager,18,13
1103,country,27,76
1104,tv,22,33
1105,drive,39,26
1106,cutest,16,28
1107,letting,25,19
1108,grandma,10,10
1109,code,24,11
1110,four,30,21
1111,/,29,26
1112,control,19,15
1113,you'd,0,0
1114,singing,20,18
1115,questions,25,17
1116,assist,9,0
1117,noticed,12,15
1118,wit,21,8
1119,raptors,13,4
1120,results,14,4
1121,walk,34,33
1122,himself,25,28
1123,likes,22,21
1124,works,20,20
1125,missing,32,90
1126,@ijessewilliams,10,2
1127,senior,30,17
1128,successful,18,3
1129,"way,",21,8
1130,cutie,17,15
1131,key,18,16
1132,husband,18,20
1133,online,65,28
1134,takes,30,23
1135,faces,21,11
1136,wear,35,26
1137,recent,14,10
1138,"yes,",24,13
1139,goals,22,2
1140,smart,28,17
1141,troye,12,7
1142,credit,15,11
1143,choice,15,17
1144,woke,17,47
1145,broken,23,41
1146,stream,63,52
1147,hopefully,27,39
1148,trust,25,17
1149,favourite,28,17
1150,annoying,20,35
1151,trip,58,19
1152,main,25,22
1153,bullet,13,1
1154,sks8,8,0
1155,apologize,13,7
1156,daddy,15,25
1157,lo,20,16
1158,simply,16,17
1159,"girl,",11,2
1160,added,36,25
1161,ladies,30,8
1162,arent,22,42
1163,followed,18,10
1164,11,21,11
1165,answer,22,24
1166,posting,19,18
1167,contact,18,12
1168,dancing,30,12
1169,travel,31,6
1170,band,22,53
1171,number,25,22
1172,teacher,26,20
1173,boyfriend,16,49
1174,dr,26,17
1175,"all,",21,7
1176,advance,11,3
1177,returns,14,3
1178,kill,17,30
1179,voice,19,30
1180,(and,40,9
1181,sense,38,23
1182,international,23,6
1183,surprised,21,37
1184,wi,24,12
1185,problem,31,37
1186,birthdayy,10,0
1187,line,36,21
1188,adorable,12,22
1189,fam,20,19
1190,bunch,28,25
1191,al,25,13
1192,sending,17,37
1193,along,49,25
1194,stage,22,11
1195,todays,19,10
1196,card,22,19
1197,possible,18,13
1198,skin,18,22
1199,park,62,15
1200,tried,33,64
1201,"do,",14,5
1202,gives,22,24
1203,comfortable,10,6
1204,jealous,19,24
1205,experience,67,31
1206,earth,20,16
1207,express,13,7
1208,"beautiful,",12,1
1209,pop,18,13
1210,died,12,66
1211,"time,",27,12
1212,rock,26,11
1213,"good,",20,6
1214,pure,20,9
1215,"hey,",28,5
1216,address,10,1
1217,se,17,18
1218,callie,8,2
1219,matters,17,8
1220,children,80,35
1221,matt,18,95
1222,fellow,17,6
1223,north,28,15
1224,wasn't,0,0
1225,camila,5,2
1226,report,15,10
1227,fave,15,12
1228,turns,17,20
1229,"thursday,",14,0
1230,stupid,34,60
1231,30,22,16
1232,honor,22,3
1233,jesus,21,6
1234,page,25,11
1235,track,23,19
1236,hand,72,28
1237,sweetie,15,8
1238,photos,29,20
1239,stuck,18,32
1240,loss,14,45
1241,list,27,18
1242,da,16,13
1243,calls,20,15
1244,showed,13,16
1245,who's,0,0
1246,player,20,31
1247,vacation,25,11
1248,child,27,38
1249,emotional,13,47
1250,app,76,19
1251,incredibly,15,29
1252,quote,24,9
1253,25,13,5
1254,thx,16,2
1255,clean,18,20
1256,friyay,18,0
1257,totally,26,49
1258,model,19,8
1259,service,22,14
1260,retirement,16,5
1261,ryan,12,9
1262,kno,12,8
1263,promise,17,24
1264,somebody,14,21
1265,friendship,12,6
1266,save,23,26
1267,@pigeon,9,0
1268,ex,15,18
1269,shows,33,48
1270,career,25,46
1271,state,30,71
1272,mrs,33,1
1273,we've,0,0
1274,saturday,55,10
1275,"said,",14,6
1276,legit,16,29
1277,throw,24,19
1278,stress,17,13
1279,youd,14,8
1280,meant,23,25
1281,details,19,4
1282,"again,",15,8
1283,@starwars,24,8
1284,set,55,25
1285,"this,",22,21
1286,emotions,11,13
1287,bout,21,20
1288,becoming,15,8
1289,animal,17,8
1290,sent,21,33
1291,youth,19,3
1292,round,22,17
1293,inspiring,17,0
1294,"say,",19,10
1295,although,22,12
1296,connect,18,2
1297,minutes,25,19
1298,"guys,",14,6
1299,bestfriend,9,8
1300,shinichi,11,0
1301,decide,17,10
1302,taken,20,25
1303,"friend,",14,6
1304,girlfriend,8,14
1305,goodnight,14,23
1306,ways,47,17
1307,"much,",17,7
1308,worried,13,22
1309,saved,10,10
1310,posted,19,18
1311,uncle,11,5
1312,harry,18,25
1313,helping,22,9
1314,brodie,9,0
1315,grade,44,8
1316,turning,14,6
1317,tickets,30,104
1318,american,22,33
1319,(happy,10,0
1320,17,16,14
1321,shot,23,20
1322,version,26,17
1323,minds,14,5
1324,@channel961,3,0
1325,feet,13,8
1326,freaking,14,20
1327,plans,37,30
1328,incredible,20,13
1329,challenge,42,4
1330,ahh,13,15
1331,piece,22,26
1332,realize,27,41
1333,mail,10,9
1334,telling,25,33
1335,fight,35,28
1336,cheers,18,4
1337,obviously,19,12
1338,ball,17,12
1339,derby,28,5
1340,moms,17,12
1341,blessing,8,0
1342,usually,31,36
1343,handsome,10,6
1344,angry,15,65
1345,shine,11,5
1346,learned,22,12
1347,flight,22,18
1348,father,17,15
1349,worldpressfreedomday,8,0
1350,sick,33,97
1351,decision,11,19
1352,putting,29,19
1353,filled,40,6
1354,canada,13,11
1355,16,15,11
1356,classes,28,6
1357,deal,24,33
1358,lunch,36,11
1359,22,18,5
1360,press,18,11
1361,absolute,13,13
1362,losing,16,37
1363,beat,29,35
1364,sucks,22,89
1365,random,23,15
1366,general,17,17
1367,soft,17,70
1368,21,15,11
1369,happy,10881,364
1370,harvey,3,140
1371,mets,3,79
1372,@bibibou1311,0,82
1373,@nicolepfeifer84,1,81
1374,truth,16,76
1375,@meli_hai,1,77
1376,@fee878,0,80
1377,@rosepeetal,1,78
1378,@nikkiebaer47,0,73
1379,@joalex_tweet,1,69
1380,@balldred,1,68
1381,leaving,12,101
1382,@mairyleo,1,65
1383,@randomfingirl,1,57
1384,poor,18,135
1385,lonely,8,74
1386,men,23,49
1387,@foxnews,12,46
1388,smh,14,52
1389,pathetic,7,49
1390,@stormydaniels,10,53
1391,rip,15,75
1392,reality,16,46
1393,president,15,42
1394,infinity,11,61
1395,@potus,13,37
1396,rich,6,43
1397,:/,13,51
1398,nra,8,36
1399,broke,14,78
1400,players,29,40
1401,dark,27,51
1402,feelings,16,53
1403,lies,7,30
1404,"is,",15,27
1405,nobody,22,56
1406,:((,5,1077
1407,case,18,47
1408,@cnn,8,30
1409,@nra,12,30
1410,united,11,25
1411,@kanyewest,6,30
1412,couldn't,0,0
1413,indeed,17,34
1414,fast,26,52
1415,ended,21,41
1416,word,23,35
1417,situation,10,29
1418,killed,12,33
1419,attention,15,36
1420,low,25,38
1421,history,24,28
1422,hella,17,35
1423,act,20,28
1424,@cliffavril,0,25
1425,worse,12,45
1426,@therealroseanne,6,27
1427,terrible,13,35
1428,dumb,27,34
1429,@manutd,1,25
1430,@laurenjauregui,0,22
1431,supposed,23,54
1432,excuse,6,25
1433,kanye,11,25
1434,unique,15,116
1435,thinks,15,25
1436,obama,7,22
1437,mostly,16,27
1438,themselves,15,26
1439,facts,51,24
1440,type,20,33
1441,football,26,24
1442,niggas,14,28
1443,cares,14,27
1444,moving,18,29
1445,horrible,13,32
1446,hurts,6,82
1447,movies,33,39
1448,asking,17,37
1449,fuckin,10,21
1450,ends,21,27
1451,respect,19,25
1452,gun,16,20
1453,deep,14,31
1454,era,15,21
1455,front,22,28
1456,@seanhannity,1,21
1457,liar,8,20
1458,depression,7,25
1459,gay,21,39
1460,tour,30,59
1461,americans,8,20
1462,stormy,6,14
1463,sold,17,43
1464,write,26,29
1465,corrie,0,21
1466,office,32,25
1467,scared,11,54
1468,disappointed,10,35
1469,happening,34,37
1470,dying,13,32
1471,town,24,25
1472,hug,9,63
1473,judge,14,18
1474,thread,22,30
1475,chris,14,26
1476,police,18,17
1477,law,18,18
1478,character,21,24
1479,public,21,17
1480,breaking,13,27
1481,realized,14,30
1482,lmfao,9,26
1483,due,18,34
1484,none,13,26
1485,joke,19,37
1486,pain,14,42
1487,hearing,17,27
1488,usa,13,19
1489,stories,20,25
1490,rudy,7,15
1491,@msnbc,5,17
1492,shame,8,25
1493,concert,32,49
1494,lowkey,9,26
1495,often,24,23
1496,crap,10,26
1497,disgusting,2,24
1498,paid,15,26
1499,@thehill,4,18
1500,talent,11,16
1501,wanting,19,21
1502,lying,12,20
1503,giuliani,7,17
1504,society,10,19
1505,scene,20,17
1506,given,10,20
1507,minute,14,25
1508,awful,7,35
1509,@imjsweets,0,16
1510,hillary,4,9
1511,lack,6,25
1512,trash,14,29
1513,speak,13,19
1514,question,21,24
1515,passing,4,19
1516,comments,15,14
1517,straight,22,30
1518,jokes,20,23
1519,racist,7,17
1520,@nbcnews,5,16
1521,serious,24,24
1522,whether,19,10
1523,@mattharvey33,0,19
1524,attitude,8,15
1525,@snoopdogg,1,19
1526,justice,5,15
1527,unfortunately,7,41
1528,wh,17,17
1529,blame,3,22
1530,speech,6,12
1531,ran,12,23
1532,ignorant,5,15
1533,clothes,14,20
1534,league,19,14
1535,gotten,11,21
1536,issue,12,24
1537,liberal,4,15
1538,goodbye,9,25
1539,cover,20,22
1540,laughing,20,23
1541,members,21,27
1542,):,5,19
1543,tha,14,18
1544,brain,10,18
1545,match,19,17
1546,example,8,14
1547,level,28,26
1548,affairs,0,15
1549,fucked,15,29
1550,likely,10,19
1551,waste,10,15
1552,@presssec,10,16
1553,road,27,17
1554,@shepnewsteam,0,13
1555,grown,9,19
1556,west,23,14
1557,pissed,10,21
1558,@anthonydicomo,0,14
1559,yea,17,19
1560,sadness,1,22
1561,everytime,11,20
1562,current,17,22
1563,:-(,2,390
1564,fell,11,25
1565,abt,10,27
1566,sunday,45,27
1567,cream,29,39
1568,pizza,16,30
1569,article,12,16
1570,2015,5,15
1571,hunter,4,15
1572,calling,26,24
1573,afraid,3,33
1574,injuries,1,16
1575,rights,5,13
1576,depressing,4,20
1577,idiot,9,16
1578,recently,14,18
1579,actual,19,21
1580,clear,15,18
1581,bts,12,65
1582,system,12,14
1583,scary,8,30
1584,mental,16,22
1585,reminds,13,18
1586,nap,6,21
1587,acting,12,20
1588,@pattyarquette,2,16
1589,stopped,19,27
1590,prayers,6,19
1591,fortnite,25,27
1592,allowed,20,17
1593,harveys,0,14
1594,"wow,",27,12
1595,ruined,7,21
1596,writing,35,18
1597,channel,18,21
1598,"know,",18,13
1599,re,22,25
1600,moved,10,20
1601,bitches,16,17
1602,tragic,0,19
1603,shitty,8,24
1604,democrats,4,16
1605,"go,",6,10
1606,@teamcavuto,0,10
1607,co,18,18
1608,snoop,1,15
1609,netflix,11,24
1610,bitter,10,16
1611,"news,",6,16
1612,bus,9,14
1613,tough,13,22
1614,hungry,6,32
1615,boi,9,20
1616,dropped,7,22
1617,:(((,1,637
1618,fox,10,11
1619,"him,",12,14
1620,became,15,14
1621,across,23,19
1622,nation,6,15
1623,potential,8,14
1624,statement,10,14
1625,internet,11,36
1626,amount,17,17
1627,bill,12,13
1628,cnn,4,12
1629,cliff,1,13
1630,empty,9,19
1631,cos,5,25
1632,imma,12,24
1633,"no,",18,12
1634,trumps,5,9
1635,peoples,10,12
1636,@michaelavenatti,1,14
1637,supporters,4,13
1638,alright,15,21
1639,former,7,11
1640,performance,13,13
1641,weak,9,17
1642,pitch,4,14
1643,@realjameswoods,3,10
1644,bored,20,46
1645,pet,15,20
1646,forgotten,5,12
1647,complete,9,19
1648,hilarious,14,12
1649,ashamed,2,9
1650,zero,10,14
1651,baseball,18,14
1652,republican,3,10
1653,powerful,7,11
1654,color,16,18
1655,explain,13,17
1656,fit,17,22
1657,grew,5,16
1658,middle,22,20
1659,republicans,7,11
1660,finish,14,19
1661,ego,4,10
1662,schools,13,14
1663,speaking,15,19
1664,fo,17,13
1665,opinion,16,16
1666,expect,13,14
1667,clearly,16,14
1668,sort,13,17
1669,ima,9,17
1670,drinking,18,17
1671,loser,5,17
1672,bye,8,20
1673,wrote,13,15
1674,dinner,21,25
1675,london,20,16
1676,failed,12,19
1677,avengers,12,17
1678,suffering,6,16
1679,"really,",3,9
1680,suicide,4,13
1681,@itvcorrie,0,10
1682,twice,14,14
1683,sell,8,21
1684,li,29,11
1685,blocked,7,18
1686,gop,1,11
1687,unless,17,21
1688,paying,20,17
1689,afford,5,23
1690,@washingtonpost,1,9
1691,dems,3,10
1692,iowa,3,11
1693,@chapelhilldiva,3,13
1694,sigh,1,32
1695,lived,10,15
1696,"but,",18,12
1697,"that,",17,9
1698,xxxtentacion,0,13
1699,biggest,25,22
1700,(i,14,17
1701,"fan,",4,10
1702,apparently,17,15
1703,record,17,14
1704,radio,21,13
1705,female,11,19
1706,starts,39,16
1707,clown,5,6
1708,common,8,11
1709,brighton,2,11
1710,dick,12,19
1711,"like,",13,11
1712,seattle,5,13
1713,bag,20,19
1714,"them,",22,12
1715,hates,4,17
1716,issues,16,17
1717,suddenly,10,22
1718,@vp,7,12
1719,comment,18,22
1720,ridiculous,7,12
1721,@silencedhippie,0,14
1722,"true,",8,13
1723,killing,15,21
1724,bruh,7,21
1725,proper,10,12
1726,pass,26,26
1727,teams,18,18
1728,update,16,55
1729,dj,15,19
1730,rly,11,21
1731,@barackobama,0,10
1732,@mets,1,16
1733,energy,21,16
1734,step,15,13
1735,york,13,17
1736,student,29,15
1737,shouldnt,7,17
1738,voted,6,10
1739,period,9,12
1740,relevant,3,10
1741,sign,56,19
1742,personality,9,12
1743,ride,38,16
1744,boring,20,19
1745,@seahawks,1,13
1746,normal,13,15
1747,iv,5,69
1748,malone,2,14
1749,mans,9,19
1750,race,28,16
1751,relationships,4,12
1752,spot,29,16
1753,badly,10,28
1754,aidan,0,13
1755,shits,0,16
1756,vs,19,17
1757,"lol,",6,11
1758,air,23,15
1759,potus,6,11
1760,tiny,14,21
1761,con,14,18
1762,knight,1,12
1763,plus,25,21
1764,"oh,",20,10
1765,ab,8,17
1766,closing,3,10
1767,constantly,11,15
1768,heartbreaking,2,28
1769,major,10,14
1770,toxic,12,12
1771,destroy,4,13
1772,pro,12,11
1773,they've,0,0
1774,problems,9,17
1775,listened,5,13
1776,nah,11,22
1777,mum,8,13
1778,shut,9,27
1779,earlier,16,23
1780,xx,27,15
1781,mueller,3,8
1782,blue,18,23
1783,@ellenpompeo,1,10
1784,personal,6,17
1785,ruin,14,14
1786,kept,13,13
1787,catch,31,21
1788,government,8,11
1789,easily,3,14
1790,hatred,1,8
1791,comfort,7,14
1792,based,13,15
1793,return,17,12
1794,shirt,15,19
1795,basically,7,15
1796,guns,7,10
1797,ca,18,14
1798,lmaooo,4,15
1799,pull,11,15
1800,expected,7,14
1801,piano,4,9
1802,bullshit,6,12
1803,2013,3,11
1804,fallen,4,14
1805,comey,0,10
1806,mix,22,10
1807,helped,10,17
1808,currently,27,24
1809,decent,5,16
1810,disagree,9,9
1811,react,4,10
1812,animals,19,14
1813,screen,20,18
1814,lauren,2,7
1815,rid,6,16
1816,suck,11,23
1817,reporting,3,9
1818,nonsense,3,13
1819,winning,14,7
1820,pussy,9,12
1821,allow,9,11
1822,larry,2,9
1823,plays,8,10
1824,wearing,19,19
1825,dudes,12,11
1826,rlly,7,37
1827,welp,2,13
1828,memes,13,19
1829,reply,14,29
1830,mourinho,0,9
1831,memory,8,16
1832,difference,14,19
1833,interesting,34,16
1834,selling,7,16
1835,accounts,5,16
1836,sadly,2,46
1837,fear,18,12
1838,field,54,12
1839,@jaketapper,1,11
1840,terribly,1,12
1841,"anymore,",4,12
1842,million,13,12
1843,fair,41,17
1844,"there,",15,9
1845,except,7,23
1846,anyways,13,23
1847,stressed,9,23
1848,@davidhogg111,4,8
1849,mufc,0,10
1850,porn,18,15
1851,draw,28,21
1852,elected,3,8
1853,avril,0,11
1854,@cnnpolitics,0,9
1855,characters,29,13
1856,wasted,8,16
1857,embarrassing,6,11
1858,rap,5,11
1859,anime,10,14
1860,somehow,3,13
1861,tells,13,13
1862,steve,13,10
1863,closed,6,19
1864,ignore,11,14
1865,official,11,13
1866,"sorry,",4,9
1867,add,24,22
1868,education,12,8
1869,"her,",9,5
1870,"too,",18,6
1871,acc,3,17
1872,fly,13,17
1873,russian,4,9
1874,racism,2,11
1875,:c,2,13
1876,commentary,3,9
1877,grace,9,13
1878,leader,4,13
1879,stan,12,25
1880,donald,9,9
1881,graduate,7,14
1882,doctor,32,14
1883,"days,",9,7
1884,fighting,14,13
1885,figure,11,16
1886,pitcher,0,11
1887,pero,4,33
1888,fault,5,18
1889,@mattwalshblog,5,10
1890,lay,10,14
1891,barely,10,22
1892,seasons,5,7
1893,quick,19,15
1894,interview,30,18
1895,exhausted,3,21
1896,noooo,0,24
1897,sudden,3,10
1898,ticket,13,27
1899,huh,6,14
1900,orange,9,12
1901,chapter,14,11
1902,smith,4,8
1903,cancelled,2,20
1904,ain't,0,0
1905,mouth,12,16
1906,hide,6,8
1907,messed,5,14
1908,convention,6,8
1909,falling,6,17
1910,quit,12,13
1911,"people,",16,9
1912,evil,11,13
1913,bright,12,16
1914,eye,17,14
1915,gym,12,21
1916,abuse,5,12
1917,cats,15,20
1918,delusional,1,10
1919,manchester,6,10
1920,spades,0,104
1921,jobs,13,10
1922,tom,17,25
1923,prom,42,28
1924,mention,16,13
1925,breaks,4,17
1926,role,16,11
1927,insecure,3,17
1928,created,16,11
1929,status,2,12
1930,don,5,13
1931,families,10,10
1932,beginning,14,14
1933,view,11,15
1934,finding,19,14
1935,"yep,",6,9
1936,khaled,4,13
1937,@edkrassen,6,11
1938,daily,21,12
1939,werent,11,12
1940,puppy,11,24
1941,culture,19,11
1942,fate,2,10
1943,david,10,10
1944,dies,3,9
1945,mess,18,20
1946,honest,11,16
1947,sarah,13,12
1948,argument,7,9
1949,talented,26,18
1950,"though,",9,8
1951,extraordinary,0,9
1952,release,18,11
1953,:((((((,0,59
1954,mutuals,15,41
1955,:-((,0,32
1956,iii,3,37
1957,:(((((((,0,27
1958,sakurai,0,29
1959,pa,8,27
1960,huhu,1,27
1961,asleep,12,39
1962,ivos,0,28
1963,text,12,31
1964,ko,9,28
1965,premiosmtvmiaw,13,27
1966,ang,9,27
1967,nervous,4,29
1968,hugs,12,29
1969,link,29,23
1970,yoongi,6,22
1971,sleeping,11,21
1972,craving,1,20
1973,:-(((,0,22
1974,lang,9,23
1975,stomach,2,28
1976,bf,8,27
1977,nooo,2,23
1978,monday,24,30
1979,deleted,3,27
1980,emo,2,24
1981,jimin,10,20
1982,:(:,0,20
1983,bar,28,22
1984,roarforchange,0,26
1985,cuddle,1,20
1986,notice,8,25
1987,chicken,8,22
1988,@ivofspades,0,17
1989,naman,3,17
1990,:-((((,0,16
1991,kiss,10,20
1992,drop,24,21
1993,ako,4,15
1994,tag,18,23
1995,nose,4,17
1996,nope,4,19
1997,fandom,9,24
1998,bestie,5,16
1999,ig,16,22
2000,nails,9,21
2001,fix,16,21
2002,exo,10,15
2003,nct,18,17
2004,water,40,19
2005,tl,10,24
2006,bear,13,16
2007,mutual,5,17
2008,beach,30,17
2009,ng,5,17
2010,@jacobsartorius,5,12
2011,crush,8,19
2012,cold,17,21
2013,wala,1,15
2014,shy,6,15
2015,ahhh,17,22
2016,jungkook,1,17
2017,drunk,32,21
2018,rt,9,14
2019,11:11,0,14
2020,awh,6,18
2021,ouch,1,16
2022,agentsofshield,0,15
2023,jk,8,13
2024,feed,16,16
2025,ka,9,13
2026,sleepy,4,17
2027,smoke,9,14
2028,anxious,4,16
2029,gosh,10,14
2030,wheres,9,14
2031,apple,13,15
2032,hurting,5,19
2033,din,4,11
2034,gf,12,17
2035,:((((((((,0,15
2036,coffee,15,18
2037,@weareoneexo,8,17
2038,skinny,4,16
2039,oof,9,14
2040,anxiety,10,18
2041,((,2,10
2042,dms,3,20
2043,@jamescharles,0,13
2044,::,2,10
2045,bub,6,9
2046,slept,2,12
2047,near,7,15
2048,wouldve,5,18
2049,ba,7,17
2050,@uniquetsalonga,0,10
2051,salonga,0,12
2052,:(((((((((,0,12
2053,si,6,16
2054,buying,12,19
2055,awe,9,18
2056,ty,9,12
2057,dress,52,14
2058,lifesentence,0,9
2059,talked,11,20
2060,staying,8,12
2061,touch,12,18
2062,oomf,0,14
2063,sana,4,9
2064,relate,7,20
2065,leaves,6,17
2066,universe,8,11
2067,taeyong,1,9
2068,expensive,5,14
2069,hanging,18,14
2070,computer,4,16
2071,makeup,28,14
2072,rude,9,17
2073,rain,31,17
2074,di,9,16
2075,taehyung,4,11
2076,solo,24,15
2077,apartment,5,18
2078,mi,13,14
2079,box,20,20
2080,bruins,1,10
2081,praying,4,14
2082,studying,9,8
2083,checked,7,14
2084,hays,1,9
2085,heck,4,13
2086,huhuhu,2,12
2087,michael,10,17
2088,afternoon,44,12
2089,dan,12,11
2090,ikr,2,14
2091,mtvlakpopbts,6,11
2092,tix,2,12
2093,tummy,3,12
2094,dang,8,16
2095,uh,10,17
2096,kisses,5,10
2097,au,8,16
2098,cheese,10,17
2099,thru,5,16
2100,irl,15,9
2101,streaming,19,14
2102,eh,6,13
2103,nights,26,16
2104,plz,4,13
2105,available,21,12
2106,mtvbrkpopbts,5,12
2107,hmu,2,12
2108,pc,6,14
2109,upload,2,10
2110,anywhere,12,18
2111,handle,7,15
2112,third,15,15
2113,cheeks,5,10
2114,delete,1,11
2115,painful,3,15
2116,calm,7,13
2117,uncomfortable,2,12
2118,hasnt,10,12
2119,jelly,2,8
2120,perform,14,16
2121,chat,37,9
2122,tae,2,10
2123,@cienfuegosxx,0,8
2124,@richkeith,0,8
2125,meme,7,14
2126,wings,4,14
2127,sale,23,12
2128,pink,11,18
2129,armys,7,10
2130,shet,0,7
2131,cuddles,0,8
2132,@calum5sos,1,8
2133,beer,22,9
2134,ik,7,13
2135,(2018),0,5
2136,misses,4,9
2137,shopping,18,10
2138,asap,8,12
2139,atm,3,15
2140,thor,8,8
2141,tweeted,8,14
2142,wondering,8,13
2143,anon,3,12
2144,active,17,12
2145,gif,10,17
2146,til,16,13
2147,bummed,2,9
2148,smol,0,8
2149,exam,12,11
2150,partner,15,12
2151,wind,5,14
2152,heartbroken,2,13
2153,tea,12,17
2154,"fun,",412,2
2155,fact:,149,2
2156,learning,92,8
2157,holiday,69,7
2158,adult,45,12
2159,gaming,62,3
2160,activities,47,4
2161,reflex,43,0
2162,fruity,42,0
2163,adventure,50,7
2164,fu,43,6
2165,festival,41,7
2166,naughty,44,2
2167,camp,46,5
2168,events,45,11
2169,@thetoyinsider,37,0
2170,co/fyxwk2djim,20,0
2171,"nearby,",36,0
2172,newborn,37,2
2173,annual,43,4
2174,@nctsmtown_127,35,2
2175,shoot,40,8
2176,cincodemayo,34,1
2177,createflavoredbubbles,31,0
2178,badoo,32,0
2179,dating,38,8
2180,theater,32,4
2181,exciting,32,8
2182,tons,31,6
2183,activity,33,1
2184,creative,36,4
2185,barbie,28,4
2186,magic,32,5
2187,design,30,6
2188,colors,29,4
2189,science,32,1
2190,pm,27,8
2191,storytime,11,0
2192,june,30,14
2193,messy,31,6
2194,tingz,27,1
2195,6th,21,1
2196,pango,11,0
2197,"weekend,",27,1
2198,google,24,6
2199,loads,21,4
2200,sexy,31,9
2201,sushi,13,3
2202,begin,32,8
2203,ton,26,5
2204,teaching,22,8
2205,helper,26,1
2206,iphone,18,11
2207,style,27,6
2208,daddy's,0,0
2209,joining,31,1
2210,cooking,24,2
2211,delicious,25,7
2212,fun:,21,0
2213,session,26,7
2214,create,30,10
2215,"food,",27,2
2216,ideas,32,12
2217,facebook,33,16
2218,educational,21,0
2219,review,28,3
2220,wine,21,10
2221,double,23,15
2222,podcast,28,3
2223,build,26,12
2224,friendly,28,13
2225,planned,23,12
2226,register,24,6
2227,force,27,15
2228,grab,19,8
2229,outdoor,21,2
2230,hosting,21,1
2231,area,24,14
2232,golf,16,3
2233,driving,23,13
2234,staff,21,8
2235,planning,28,16
2236,5k,20,1
2237,math,23,3
2238,exploring,19,1
2239,latest,28,3
2240,building,20,10
2241,south,25,9
2242,lasted,20,5
2243,nickiday2,19,0
2244,center,23,2
2245,bringing,25,8
2246,program,26,11
2247,"friends,",23,4
2248,"fact,",17,2
2249,maythefourth,22,0
2250,ga,19,5
2251,brilliant,23,4
2252,street,19,17
2253,drawing,22,4
2254,including,23,9
2255,fridays,19,6
2256,training,23,8
2257,"music,",19,4
2258,broadcasting,19,1
2259,",come",17,0
2260,50,21,9
2261,retweet,23,7
2262,it'll,0,0
2263,studio,21,3
2264,conference,16,2
2265,board,20,8
2266,shooting,19,7
2267,fitness,18,1
2268,charity,18,5
2269,bike,14,9
2270,showing,28,13
2271,playtime,15,0
2272,blog,20,4
2273,cartoon,16,3
2274,creating,16,8
2275,mode,13,13
2276,library,19,6
2277,tech,21,8
2278,15,24,14
2279,comedy,12,5
2280,journey,18,4
2281,projects,17,1
2282,concept,17,5
2283,colorful,17,0
2284,fashion,23,4
2285,fest,17,4
2286,shop,20,16
2287,"saturday,",15,1
2288,@nickiminaj,16,3
2289,bankholidayweekend,14,0
2290,fabulous,25,4
2291,company,20,14
2292,tuesday,15,6
2293,"out,",19,6
2294,tweeting,23,15
2295,crew,19,3
2296,100%,25,15
2297,kindergarten,13,0
2298,primary,16,1
2299,maythe4th,22,3
2300,nature,17,3
2301,disney,18,7
2302,instagram,19,14
2303,ed,19,6
2304,today's,0,0
2305,action,15,12
2306,drinks,16,7
2307,click,17,8
2308,posts,18,14
2309,stylist,14,0
2310,popcorn,14,3
2311,elementary,17,3
2312,shall,19,6
2313,"activities,",11,1
2314,enter,16,4
2315,chill,18,3
2316,campaign,16,10
2317,begins,15,3
2318,language,19,4
2319,sunny,22,4
2320,nyc,20,13
2321,themed,18,1
2322,poking,16,0
2323,yoga,11,2
2324,fire,23,16
2325,earn,18,3
2326,"games,",13,2
2327,vr,15,3
2328,form,23,8
2329,giveaway,16,3
2330,edu,13,2
2331,classic,24,1
2332,comic,9,14
2333,twitch,16,3
2334,salon,19,1
2335,fab,16,1
2336,garden,17,10
2337,below,17,2
2338,upcoming,18,3
2339,boom,16,5
2340,kick,22,9
2341,competition,18,2
2342,ki,14,1
2343,lovers,15,2
2344,silly,13,6
2345,stem,10,0
2346,hat,14,6
2347,treat,17,13
2348,practice,17,7
2349,ulta,15,0
2350,attending,14,3
2351,hunt,16,7
2352,racing,11,2
2353,somewhere,20,10
2354,places,21,12
2355,"safe,",18,0
2356,parties,16,4
2357,-fun,13,0
2358,county,16,3
2359,paint,20,4
2360,glass,14,7
2361,relax,20,4
2362,teachers,17,11
2363,plenty,15,4
2364,tournament,13,4
2365,ad,17,4
2366,study,16,11
2367,lake,14,4
2368,kentucky,13,2
2369,quiz,11,7
2370,tgif,17,0
2371,"work,",21,7
2372,marketing,19,7
2373,ta,16,3
2374,epic,14,5
2375,supporting,13,13
2376,location,14,5
2377,painting,14,3
2378,nearly,15,8
2379,forest,13,3
2380,battle,11,7
2381,adventures,17,1
2382,drama,17,12
2383,relaxing,10,2
2384,wa,15,14
2385,cars,15,4
2386,yum,13,1
2387,train,18,7
2388,reminder,18,7
2389,bankholiday,13,0
2390,alot,16,13
2391,bubbles,13,0
2392,opportunity,17,9
2393,pack,16,6
2394,gloria,14,0
2395,church,18,7
2396,pool,15,6
2397,san,19,11
2398,sat,15,15
2399,ages,15,7
2400,paper,11,10
2401,toys,15,3
2402,table,17,5
2403,launch,12,3
2404,interested,18,8
2405,=,24,9
2406,skills,12,2
2407,tabtale,14,0
2408,flying,15,6
2409,boss-,11,0
2410,involved,14,5
2411,raise,16,5
2412,chicago,8,9
2413,texas,20,9
2414,havin,13,0
2415,etc,13,14
2416,selfie,12,7
2417,performing,12,5
2418,trips,13,4
2419,winner,16,8
2420,busted,14,7
2421,weve,20,6
2422,theme,17,6
2423,land,15,6
2424,"game,",16,3
2425,several,17,10
2426,wall,13,8
2427,quality,14,11
2428,snapchat,14,10
2429,florida,16,9
2430,"week,",19,7
2431,xd,16,12
2432,horny,8,8
2433,research,15,5
2434,soda,12,2
2435,teach,18,14
2436,hiring,14,3
2437,tips,16,3
2438,artists,14,11
2439,recommend,11,8
2440,visiting,11,8
2441,horse,12,7
2442,consider,15,10
2443,kitchen,16,1
2444,fantasy,13,1
2445,ten,13,10
2446,friday:,11,0
2447,splash,11,0
2448,recording,10,4
2449,sea,13,4
2450,retail,11,2
2451,edition,9,5
2452,:-),18,8
2453,"fresh,",12,0
2454,est,13,3
2455,fish,14,8
2456,12th,15,1
2457,recipe,15,1
2458,changes,14,11
2459,test,15,9
2460,xxx,14,5
2461,camera,14,12
2462,alcohol,10,8
2463,mike,20,5
2464,booth,10,2
2465,title,12,11
2466,earned,14,0
2467,binance,11,0
2468,here:,19,0
2469,junior,19,3
2470,bird,17,11
2471,raised,16,10
2472,rules,11,10
2473,"thanks,",13,2
2474,natural,15,6
2475,july,13,2
2476,everywhere,15,13
2477,dallas,14,9
2478,suppose,18,12
2479,fridayfeeling,10,3
2480,hop,14,7
2481,toy,15,2
2482,market,14,11
2483,candy,14,7
2484,popular,15,6
2485,bitcoin,8,1
2486,closer,16,7
2487,usual,10,11
2488,8th,9,3
2489,19,16,5
2490,hockey,10,6
2491,engaging,9,0
2492,roll,17,10
2493,playground,10,1
2494,install,10,0
2495,fancy,13,3
2496,prizes,7,0
2497,"tonight,",14,4
2498,yard,12,1
2499,wars-themed,7,0
2500,seemed,17,7
2501,army,13,11
2502,data,12,6
2503,diy,13,2
2504,boat,9,8
2505,featuring,13,2
2506,catching,8,3
2507,coding,12,0
2508,trail,13,0
2509,foodie,6,0
2510,presentation,11,2
2511,pleasure,18,6
2512,graders,9,0
2513,steam,12,2
2514,thomas,11,1
2515,yours,18,15
2516,nufc,12,0
2517,workshop,12,0
2518,@titanicsinclair,10,0
2519,vegas,10,7
2520,collection,13,5
2521,fun),9,0
2522,itll,12,14
2523,vibe,13,2
2524,hotel,10,11
2525,airport,10,8
2526,floor,12,7
2527,apart,15,14
2528,bee,10,5
2529,chocolate,12,7
2530,bbq,13,10
2531,2016,11,4
2532,10th,12,3
2533,@pubg_help,12,2
2534,nicki,9,2
2535,pub,13,0
2536,boston,13,6
2537,block,13,14
2538,variety,12,4
2539,mexican,7,5
2540,zoo,10,5
2541,dirty,14,11
2542,breakfast,12,11
2543,museum,8,7
2544,response,14,10
2545,offer,20,7
2546,barbietingz,7,0
2547,original,15,9
2548,hero,11,9
2549,cards,11,6
2550,theatre,9,3
2551,pe,9,6
2552,excitement,10,4
2553,attend,15,7
2554,flies,9,4
2555,throwing,11,7
2556,blood,17,10
2557,profit,9,1
2558,basketball,16,9
2559,jedi,10,2
2560,prison,11,9
2561,sessions,9,2
2562,sisters,16,9
2563,heading,12,9
2564,underway,10,0
2565,filming,12,1
2566,sport,10,5
2567,sneak,11,1
2568,shots,16,5
2569,humour,12,4
2570,tongue,6,5
2571,funds,9,2
2572,"us,",11,8
2573,weekends,11,3
2574,industry,13,8
2575,conversation,12,12
2576,7th,15,5
2577,stick,15,10
2578,election,14,6
2579,digital,11,1
2580,grand,15,5
2581,helps,11,14
2582,target,13,3
2583,craft,10,1
2584,brings,11,8
2585,entertaining,13,1
2586,bighit,13,4
2587,cost,8,7
2588,atlanta,10,10
2589,discuss,17,2
2590,creek,8,3
2591,monster,10,6
2592,parade,11,4
2593,held,15,8
2594,leading,11,5
2595,cleaning,9,2
2596,cycling,7,0
2597,changing,14,9
2598,invite,8,6
2599,chun,10,0
2600,parts,9,10
